-- Insert data into the 'menu' table
INSERT INTO menu (menu_id, menu_name, price) VALUES
(1, 'Sushi', 12.50),
(2, 'Curry', 15.00),
(3, 'Ramen', 10.00),
(4, 'Pizza', 18.00),
(5, 'Burger', 9.50),
(6, 'Salad', 8.00),
(7, 'Pasta', 14.00),
(8, 'Steak', 25.00),
(9, 'Dessert', 6.00),
(10, 'Drink', 3.00);
GO

-- Additional data for 'menu' table (10 more entries)
INSERT INTO menu (menu_id, menu_name, price) VALUES
(11, 'Fish & Chips', 16.50),
(12, 'Tacos', 11.00),
(13, 'Burrito', 13.00),
(14, 'Soup', 7.50),
(15, 'Sandwich', 9.00),
(16, 'Smoothie', 5.50),
(17, 'Coffee', 4.00),
(18, 'Tea', 3.50),
(19, 'Ice Cream', 7.00),
(20, 'Fries', 4.50);
GO

-- Insert data into the 'members' table
INSERT INTO members (cust_id, cust_name, join_date, region, email) VALUES
('C001', 'Alice Smith', '2023-01-10 10:00:00', 'East', 'alice@example.com'),
('C002', 'Bob Johnson', '2023-02-15 11:30:00', 'West', 'bob@example.com'),
('C003', 'Charlie Brown', '2023-03-20 12:45:00', 'North', 'charlie@example.com'),
('C004', 'Diana Prince', '2023-04-01 09:00:00', 'South', 'diana@example.com'),
('C005', 'Eve Adams', '2023-05-05 14:00:00', 'East', 'eve@example.com'),
('C006', 'Frank White', '2023-06-12 16:00:00', 'West', 'frank@example.com'),
('C007', 'Grace Lee', '2023-07-18 10:30:00', 'North', 'grace@example.com'),
('C008', 'Henry King', '2023-08-22 13:15:00', 'South', 'henry@example.com'),
('C009', 'Ivy Chen', '2023-09-01 08:00:00', 'East', 'ivy@example.com'),
('C010', 'Jack Green', '2023-10-10 17:00:00', 'West', 'jack@example.com');
GO

-- Additional data for 'members' table (25 more entries)
INSERT INTO members (cust_id, cust_name, join_date, region, email) VALUES
('C011', 'Karen Hall', '2023-11-01 09:00:00', 'South', 'karen@example.com'),
('C012', 'Liam Scott', '2023-11-15 11:00:00', 'North', 'liam@example.com'),
('C013', 'Mia Baker', '2023-12-01 13:00:00', 'East', 'mia@example.com'),
('C014', 'Noah Adams', '2023-12-10 15:00:00', 'West', 'noah@example.com'),
('C015', 'Olivia Clark', '2024-01-05 10:00:00', 'South', 'olivia@example.com'),
('C016', 'Peter Lewis', '2024-01-20 12:00:00', 'North', 'peter@example.com'),
('C017', 'Quinn Young', '2024-02-01 14:00:00', 'East', 'quinn@example.com'),
('C018', 'Rachel Hill', '2024-02-15 16:00:00', 'West', 'rachel@example.com'),
('C019', 'Sam Wright', '2024-03-01 09:30:00', 'South', 'sam@example.com'),
('C020', 'Tina Lopez', '2024-03-10 11:30:00', 'North', 'tina@example.com'),
('C021', 'Uma Perez', '2024-03-25 13:30:00', 'East', 'uma@example.com'),
('C022', 'Victor King', '2024-04-05 15:30:00', 'West', 'victor@example.com'),
('C023', 'Wendy Green', '2024-04-15 10:00:00', 'South', 'wendy@example.com'),
('C024', 'Xavier Baker', '2024-04-25 12:00:00', 'North', 'xavier@example.com'),
('C025', 'Yara Hall', '2024-05-01 14:00:00', 'East', 'yara@example.com'),
('C026', 'Zack Scott', '2024-05-10 16:00:00', 'West', 'zack@example.com'),
('C027', 'Amy White', '2024-05-20 09:00:00', 'South', 'amy@example.com'),
('C028', 'Ben Lee', '2024-06-01 11:00:00', 'North', 'ben@example.com'),
('C029', 'Chloe Chen', '2024-06-10 13:00:00', 'East', 'chloe@example.com'),
('C030', 'David Green', '2024-06-20 15:00:00', 'West', 'david@example.com'),
('C031', 'Ella Brown', '2024-07-01 10:00:00', 'South', 'ella@example.com'),
('C032', 'Finn Johnson', '2024-07-10 12:00:00', 'North', 'finn@example.com'),
('C033', 'Gia Smith', '2024-07-20 14:00:00', 'East', 'gia@example.com'),
('C034', 'Holly Adams', '2024-08-01 16:00:00', 'West', 'holly@example.com'),
('C035', 'Ian Prince', '2024-08-10 09:00:00', 'South', 'ian@example.com');
GO

-- Insert data into the 'sales' table (initial 25 entries)
INSERT INTO sales (cust_id, order_date, menu_id) VALUES
('C001', '2023-01-11', 1),
('C001', '2023-01-11', 10),
('C002', '2023-02-16', 2),
('C003', '2023-03-21', 3),
('C001', '2023-03-25', 4),
('C004', '2023-04-02', 5),
('C005', '2023-05-06', 6),
('C002', '2023-05-07', 7),
('C006', '2023-06-13', 8),
('C007', '2023-07-19', 9),
('C008', '2023-08-23', 1),
('C009', '2023-09-02', 2),
('C010', '2023-10-11', 3),
('C001', '2023-10-15', 5),
('C003', '2023-11-01', 6),
('C004', '2023-11-05', 7),
('C005', '2023-11-10', 8),
('C006', '2023-11-15', 9),
('C007', '2023-11-20', 10),
('C008', '2023-11-25', 4),
('C009', '2023-12-01', 1),
('C010', '2023-12-05', 2),
('C001', '2023-12-10', 3),
('C002', '2023-12-15', 4),
('C003', '2023-12-20', 5);
GO

-- Additional data for 'sales' table (300 more entries for 2024-2025)
-- This section uses a loop-like structure for demonstration;
-- in a real SQL environment, you might use a script or a tool
-- to generate a large number of dynamic inserts.
-- For simplicity, I'm generating a fixed set of 300 entries.

-- Sales for 2024
INSERT INTO sales (cust_id, order_date, menu_id) VALUES
('C001', '2024-01-01', 1), ('C002', '2024-01-02', 2), ('C003', '2024-01-03', 3), ('C004', '2024-01-04', 4), ('C005', '2024-01-05', 5),
('C006', '2024-01-06', 6), ('C007', '2024-01-07', 7), ('C008', '2024-01-08', 8), ('C009', '2024-01-09', 9), ('C010', '2024-01-10', 10),
('C011', '2024-01-11', 11), ('C012', '2024-01-12', 12), ('C013', '2024-01-13', 13), ('C014', '2024-01-14', 14), ('C015', '2024-01-15', 15),
('C016', '2024-01-16', 16), ('C017', '2024-01-17', 17), ('C018', '2024-01-18', 18), ('C019', '2024-01-19', 19), ('C020', '2024-01-20', 20),
('C021', '2024-01-21', 1), ('C022', '2024-01-22', 2), ('C023', '2024-01-23', 3), ('C024', '2024-01-24', 4), ('C025', '2024-01-25', 5),
('C026', '2024-01-26', 6), ('C027', '2024-01-27', 7), ('C028', '2024-01-28', 8), ('C029', '2024-01-29', 9), ('C030', '2024-01-30', 10),
('C031', '2024-01-31', 11), ('C032', '2024-02-01', 12), ('C033', '2024-02-02', 13), ('C034', '2024-02-03', 14), ('C035', '2024-02-04', 15),
('C001', '2024-02-05', 16), ('C002', '2024-02-06', 17), ('C003', '2024-02-07', 18), ('C004', '2024-02-08', 19), ('C005', '2024-02-09', 20),
('C006', '2024-02-10', 1), ('C007', '2024-02-11', 2), ('C008', '2024-02-12', 3), ('C009', '2024-02-13', 4), ('C010', '2024-02-14', 5),
('C011', '2024-02-15', 6), ('C012', '2024-02-16', 7), ('C013', '2024-02-17', 8), ('C014', '2024-02-18', 9), ('C015', '2024-02-19', 10),
('C016', '2024-02-20', 11), ('C017', '2024-02-21', 12), ('C018', '2024-02-22', 13), ('C019', '2024-02-23', 14), ('C020', '2024-02-24', 15),
('C021', '2024-02-25', 16), ('C022', '2024-02-26', 17), ('C023', '2024-02-27', 18), ('C024', '2024-02-28', 19), ('C025', '2024-02-29', 20),
('C026', '2024-03-01', 1), ('C027', '2024-03-02', 2), ('C028', '2024-03-03', 3), ('C029', '2024-03-04', 4), ('C030', '2024-03-05', 5),
('C031', '2024-03-06', 6), ('C032', '2024-03-07', 7), ('C033', '2024-03-08', 8), ('C034', '2024-03-09', 9), ('C035', '2024-03-10', 10),
('C001', '2024-03-11', 11), ('C002', '2024-03-12', 12), ('C003', '2024-03-13', 13), ('C004', '2024-03-14', 14), ('C005', '2024-03-15', 15),
('C006', '2024-03-16', 16), ('C007', '2024-03-17', 17), ('C008', '2024-03-18', 18), ('C009', '2024-03-19', 19), ('C010', '2024-03-20', 20),
('C011', '2024-03-21', 1), ('C012', '2024-03-22', 2), ('C013', '2024-03-23', 3), ('C014', '2024-03-24', 4), ('C015', '2024-03-25', 5),
('C016', '2024-03-26', 6), ('C017', '2024-03-27', 7), ('C018', '2024-03-28', 8), ('C019', '2024-03-29', 9), ('C020', '2024-03-30', 10),
('C021', '2024-03-31', 11), ('C022', '2024-04-01', 12), ('C023', '2024-04-02', 13), ('C024', '2024-04-03', 14), ('C025', '2024-04-04', 15),
('C026', '2024-04-05', 16), ('C027', '2024-04-06', 17), ('C028', '2024-04-07', 18), ('C029', '2024-04-08', 19), ('C030', '2024-04-09', 20),
('C031', '2024-04-10', 1), ('C032', '2024-04-11', 2), ('C033', '2024-04-12', 3), ('C034', '2024-04-13', 4), ('C035', '2024-04-14', 5),
('C001', '2024-04-15', 6), ('C002', '2024-04-16', 7), ('C003', '2024-04-17', 8), ('C004', '2024-04-18', 9), ('C005', '2024-04-19', 10),
('C006', '2024-04-20', 11), ('C007', '2024-04-21', 12), ('C008', '2024-04-22', 13), ('C009', '2024-04-23', 14), ('C010', '2024-04-24', 15),
('C011', '2024-04-25', 16), ('C012', '2024-04-26', 17), ('C013', '2024-04-27', 18), ('C014', '2024-04-28', 19), ('C015', '2024-04-29', 20),
('C016', '2024-04-30', 1), ('C017', '2024-05-01', 2), ('C018', '2024-05-02', 3), ('C019', '2024-05-03', 4), ('C020', '2024-05-04', 5),
('C021', '2024-05-05', 6), ('C022', '2024-05-06', 7), ('C023', '2024-05-07', 8), ('C024', '2024-05-08', 9), ('C025', '2024-05-09', 10),
('C026', '2024-05-10', 11), ('C027', '2024-05-11', 12), ('C028', '2024-05-12', 13), ('C029', '2024-05-13', 14), ('C030', '2024-05-14', 15),
('C031', '2024-05-15', 16), ('C032', '2024-05-16', 17), ('C033', '2024-05-17', 18), ('C034', '2024-05-18', 19), ('C035', '2024-05-19', 20),
('C001', '2024-05-20', 1), ('C002', '2024-05-21', 2), ('C003', '2024-05-22', 3), ('C004', '2024-05-23', 4), ('C005', '2024-05-24', 5),
('C006', '2024-05-25', 6), ('C007', '2024-05-26', 7), ('C008', '2024-05-27', 8), ('C009', '2024-05-28', 9), ('C010', '2024-05-29', 10),
('C011', '2024-05-30', 11), ('C012', '2024-05-31', 12), ('C013', '2024-06-01', 13), ('C014', '2024-06-02', 14), ('C015', '2024-06-03', 15),
('C016', '2024-06-04', 16), ('C017', '2024-06-05', 17), ('C018', '2024-06-06', 18), ('C019', '2024-06-07', 19), ('C020', '2024-06-08', 20),
('C021', '2024-06-09', 1), ('C022', '2024-06-10', 2), ('C023', '2024-06-11', 3), ('C024', '2024-06-12', 4), ('C025', '2024-06-13', 5),
('C026', '2024-06-14', 6), ('C027', '2024-06-15', 7), ('C028', '2024-06-16', 8), ('C029', '2024-06-17', 9), ('C030', '2024-06-18', 10),
('C031', '2024-06-19', 11), ('C032', '2024-06-20', 12), ('C033', '2024-06-21', 13), ('C034', '2024-06-22', 14), ('C035', '2024-06-23', 15),
('C001', '2024-06-24', 16), ('C002', '2024-06-25', 17), ('C003', '2024-06-26', 18), ('C004', '2024-06-27', 19), ('C005', '2024-06-28', 20),
('C006', '2024-06-29', 1), ('C007', '2024-06-30', 2);
GO

-- Sales for 2025 (remaining entries to reach 300 total new entries)
INSERT INTO sales (cust_id, order_date, menu_id) VALUES
('C008', '2025-01-01', 3), ('C009', '2025-01-02', 4), ('C010', '2025-01-03', 5), ('C011', '2025-01-04', 6), ('C012', '2025-01-05', 7),
('C013', '2025-01-06', 8), ('C014', '2025-01-07', 9), ('C015', '2025-01-08', 10), ('C016', '2025-01-09', 11), ('C017', '2025-01-10', 12),
('C018', '2025-01-11', 13), ('C019', '2025-01-12', 14), ('C020', '2025-01-13', 15), ('C021', '2025-01-14', 16), ('C022', '2025-01-15', 17),
('C023', '2025-01-16', 18), ('C024', '2025-01-17', 19), ('C025', '2025-01-18', 20), ('C026', '2025-01-19', 1), ('C027', '2025-01-20', 2),
('C028', '2025-01-21', 3), ('C029', '2025-01-22', 4), ('C030', '2025-01-23', 5), ('C031', '2025-01-24', 6), ('C032', '2025-01-25', 7),
('C033', '2025-01-26', 8), ('C034', '2025-01-27', 9), ('C035', '2025-01-28', 10), ('C001', '2025-01-29', 11), ('C002', '2025-01-30', 12),
('C003', '2025-01-31', 13), ('C004', '2025-02-01', 14), ('C005', '2025-02-02', 15), ('C006', '2025-02-03', 16), ('C007', '2025-02-04', 17),
('C008', '2025-02-05', 18), ('C009', '2025-02-06', 19), ('C010', '2025-02-07', 20), ('C011', '2025-02-08', 1), ('C012', '2025-02-09', 2),
('C013', '2025-02-10', 3), ('C014', '2025-02-11', 4), ('C015', '2025-02-12', 5), ('C016', '2025-02-13', 6), ('C017', '2025-02-14', 7),
('C018', '2025-02-15', 8), ('C019', '2025-02-16', 9), ('C020', '2025-02-17', 10), ('C021', '2025-02-18', 11), ('C022', '2025-02-19', 12),
('C023', '2025-02-20', 13), ('C024', '2025-02-21', 14), ('C025', '2025-02-22', 15), ('C026', '2025-02-23', 16), ('C027', '2025-02-24', 17),
('C028', '2025-02-25', 18), ('C029', '2025-02-26', 19), ('C030', '2025-02-27', 20), ('C031', '2025-02-28', 1), ('C032', '2025-03-01', 2),
('C033', '2025-03-02', 3), ('C034', '2025-03-03', 4), ('C035', '2025-03-04', 5), ('C001', '2025-03-05', 6), ('C002', '2025-03-06', 7),
('C003', '2025-03-07', 8), ('C004', '2025-03-08', 9), ('C005', '2025-03-09', 10), ('C006', '2025-03-10', 11), ('C007', '2025-03-11', 12),
('C008', '2025-03-12', 13), ('C009', '2025-03-13', 14), ('C010', '2025-03-14', 15), ('C011', '2025-03-15', 16), ('C012', '2025-03-16', 17),
('C013', '2025-03-17', 18), ('C014', '2025-03-18', 19), ('C015', '2025-03-19', 20), ('C016', '2025-03-20', 1), ('C017', '2025-03-21', 2),
('C018', '2025-03-22', 3), ('C019', '2025-03-23', 4), ('C020', '2025-03-24', 5), ('C021', '2025-03-25', 6), ('C022', '2025-03-26', 7),
('C023', '2025-03-27', 8), ('C024', '2025-03-28', 9), ('C025', '2025-03-29', 10), ('C026', '2025-03-30', 11), ('C027', '2025-03-31', 12),
('C028', '2025-04-01', 13), ('C029', '2025-04-02', 14), ('C030', '2025-04-03', 15), ('C031', '2025-04-04', 16), ('C032', '2025-04-05', 17),
('C033', '2025-04-06', 18), ('C034', '2025-04-07', 19), ('C035', '2025-04-08', 20), ('C001', '2025-04-09', 1), ('C002', '2025-04-10', 2),
('C003', '2025-04-11', 3), ('C004', '2025-04-12', 4), ('C005', '2025-04-13', 5), ('C006', '2025-04-14', 6), ('C007', '2025-04-15', 7),
('C008', '2025-04-16', 8), ('C009', '2025-04-17', 9), ('C010', '2025-04-18', 10), ('C011', '2025-04-19', 11), ('C012', '2025-04-20', 12),
('C013', '2025-04-21', 13), ('C014', '2025-04-22', 14), ('C015', '2025-04-23', 15), ('C016', '2025-04-24', 16), ('C017', '2025-04-25', 17),
('C018', '2025-04-26', 18), ('C019', '2025-04-27', 19), ('C020', '2025-04-28', 20), ('C021', '2025-04-29', 1), ('C022', '2025-04-30', 2),
('C023', '2025-05-01', 3), ('C024', '2025-05-02', 4), ('C025', '2025-05-03', 5), ('C026', '2025-05-04', 6), ('C027', '2025-05-05', 7),
('C028', '2025-05-06', 8), ('C029', '2025-05-07', 9), ('C030', '2025-05-08', 10), ('C031', '2025-05-09', 11), ('C032', '2025-05-10', 12),
('C033', '2025-05-11', 13), ('C034', '2025-05-12', 14), ('C035', '2025-05-13', 15), ('C001', '2025-05-14', 16), ('C002', '2025-05-15', 17),
('C003', '2025-05-16', 18), ('C004', '2025-05-17', 19), ('C005', '2025-05-18', 20), ('C006', '2025-05-19', 1), ('C007', '2025-05-20', 2),
('C008', '2025-05-21', 3), ('C009', '2025-05-22', 4), ('C010', '2025-05-23', 5), ('C011', '2025-05-24', 6), ('C012', '2025-05-25', 7),
('C013', '2025-05-26', 8), ('C014', '2025-05-27', 9), ('C015', '2025-05-28', 10), ('C016', '2025-05-29', 11), ('C017', '2025-05-30', 12),
('C018', '2025-05-31', 13), ('C019', '2025-06-01', 14), ('C020', '2025-06-02', 15), ('C021', '2025-06-03', 16), ('C022', '2025-06-04', 17),
('C023', '2025-06-05', 18), ('C024', '2025-06-06', 19), ('C025', '2025-06-07', 20), ('C026', '2025-06-08', 1), ('C027', '2025-06-09', 2),
('C028', '2025-06-10', 3), ('C029', '2025-06-11', 4), ('C030', '2025-06-12', 5), ('C031', '2025-06-13', 6), ('C032', '2025-06-14', 7),
('C033', '2025-06-15', 8), ('C034', '2025-06-16', 9), ('C035', '2025-06-17', 10), ('C001', '2025-06-18', 11), ('C002', '2025-06-19', 12),
('C003', '2025-06-20', 13), ('C004', '2025-06-21', 14), ('C005', '2025-06-22', 15), ('C006', '2025-06-23', 16), ('C007', '2025-06-24', 17),
('C008', '2025-06-25', 18), ('C009', '2025-06-26', 19), ('C010', '2025-06-27', 20), ('C011', '2025-06-28', 1), ('C012', '2025-06-29', 2),
('C013', '2025-06-30', 3);
GO